ano,trim,macroetapa,categoria,valor,freq,n
2012,1,EF finais,sexo,Homem,1.0,12493
2012,1,EF finais,sexo,Mulher,1.0,11865
2012,1,EF iniciais,sexo,Homem,1.0,17631
2012,1,EF iniciais,sexo,Mulher,1.0,15035
2012,1,EM,sexo,Homem,1.0,7707
2012,1,EM,sexo,Mulher,1.0,8469
2012,2,EF finais,sexo,Homem,1.0,16431
2012,2,EF finais,sexo,Mulher,1.0,15526
2012,2,EF iniciais,sexo,Homem,1.0,23215
2012,2,EF iniciais,sexo,Mulher,1.0,20184
2012,2,EM,sexo,Homem,1.0,9803
2012,2,EM,sexo,Mulher,1.0,10972
2012,3,EF finais,sexo,Homem,1.0,15900
2012,3,EF finais,sexo,Mulher,1.0,14966
2012,3,EF iniciais,sexo,Homem,1.0,22604
2012,3,EF iniciais,sexo,Mulher,1.0,19840
2012,3,EM,sexo,Homem,1.0,9291
2012,3,EM,sexo,Mulher,1.0,10458
2012,4,EF finais,sexo,Homem,1.0,15368
2012,4,EF finais,sexo,Mulher,1.0,14708
2012,4,EF iniciais,sexo,Homem,1.0,21383
2012,4,EF iniciais,sexo,Mulher,1.0,18909
2012,4,EM,sexo,Homem,1.0,8694
2012,4,EM,sexo,Mulher,1.0,9951
2013,1,EF finais,sexo,Homem,1.0,15686
2013,1,EF finais,sexo,Mulher,1.0,14491
2013,1,EF iniciais,sexo,Homem,1.0,20272
2013,1,EF iniciais,sexo,Mulher,1.0,17995
2013,1,EM,sexo,Homem,1.0,9722
2013,1,EM,sexo,Mulher,1.0,10538
2013,2,EF finais,sexo,Homem,1.0,15501
2013,2,EF finais,sexo,Mulher,1.0,14236
2013,2,EF iniciais,sexo,Homem,1.0,20343
2013,2,EF iniciais,sexo,Mulher,1.0,17945
2013,2,EM,sexo,Homem,1.0,9300
2013,2,EM,sexo,Mulher,1.0,10123
2013,3,EF finais,sexo,Homem,1.0,14986
2013,3,EF finais,sexo,Mulher,1.0,13714
2013,3,EF iniciais,sexo,Homem,1.0,19779
2013,3,EF iniciais,sexo,Mulher,1.0,17386
2013,3,EM,sexo,Homem,1.0,8743
2013,3,EM,sexo,Mulher,1.0,9592
2013,4,EF finais,sexo,Homem,1.0,14787
2013,4,EF finais,sexo,Mulher,1.0,13288
2013,4,EF iniciais,sexo,Homem,1.0,19341
2013,4,EF iniciais,sexo,Mulher,1.0,16963
2013,4,EM,sexo,Homem,1.0,8428
2013,4,EM,sexo,Mulher,1.0,9189
2014,1,EF finais,sexo,Homem,1.0,15048
2014,1,EF finais,sexo,Mulher,1.0,13304
2014,1,EF iniciais,sexo,Homem,1.0,18988
2014,1,EF iniciais,sexo,Mulher,1.0,16599
2014,1,EM,sexo,Homem,1.0,9585
2014,1,EM,sexo,Mulher,1.0,9886
2014,2,EF finais,sexo,Homem,1.0,14929
2014,2,EF finais,sexo,Mulher,1.0,13259
2014,2,EF iniciais,sexo,Homem,1.0,19256
2014,2,EF iniciais,sexo,Mulher,1.0,16945
2014,2,EM,sexo,Homem,1.0,9363
2014,2,EM,sexo,Mulher,1.0,9686
2014,3,EF finais,sexo,Homem,1.0,14824
2014,3,EF finais,sexo,Mulher,1.0,13400
2014,3,EF iniciais,sexo,Homem,1.0,19377
2014,3,EF iniciais,sexo,Mulher,1.0,17260
2014,3,EM,sexo,Homem,1.0,9268
2014,3,EM,sexo,Mulher,1.0,9519
2014,4,EF finais,sexo,Homem,1.0,14734
2014,4,EF finais,sexo,Mulher,1.0,13622
2014,4,EF iniciais,sexo,Homem,1.0,19266
2014,4,EF iniciais,sexo,Mulher,1.0,17218
2014,4,EM,sexo,Homem,1.0,8972
2014,4,EM,sexo,Mulher,1.0,9162
2015,1,EF finais,sexo,Homem,1.0,14871
2015,1,EF finais,sexo,Mulher,1.0,13797
2015,1,EF iniciais,sexo,Homem,1.0,18433
2015,1,EF iniciais,sexo,Mulher,1.0,16664
2015,1,EM,sexo,Homem,1.0,9931
2015,1,EM,sexo,Mulher,1.0,9778
2015,2,EF finais,sexo,Homem,1.0,14929
2015,2,EF finais,sexo,Mulher,1.0,14042
2015,2,EF iniciais,sexo,Homem,1.0,18975
2015,2,EF iniciais,sexo,Mulher,1.0,17041
2015,2,EM,sexo,Homem,1.0,9662
2015,2,EM,sexo,Mulher,1.0,9731
2015,3,EF finais,sexo,Homem,1.0,15012
2015,3,EF finais,sexo,Mulher,1.0,14172
2015,3,EF iniciais,sexo,Homem,1.0,19544
2015,3,EF iniciais,sexo,Mulher,1.0,17702
2015,3,EM,sexo,Homem,1.0,9496
2015,3,EM,sexo,Mulher,1.0,9664
2016,1,EF finais,sexo,Homem,1.0,16023
2016,1,EF finais,sexo,Mulher,1.0,14733
2016,1,EF iniciais,sexo,Homem,1.0,19688
2016,1,EF iniciais,sexo,Mulher,1.0,17455
2016,1,EM,sexo,Homem,1.0,10418
2016,1,EM,sexo,Mulher,1.0,10505
2016,2,EF finais,sexo,Homem,1.0,16234
2016,2,EF finais,sexo,Mulher,1.0,14749
2016,2,EF iniciais,sexo,Homem,1.0,20150
2016,2,EF iniciais,sexo,Mulher,1.0,17898
2016,2,EM,sexo,Homem,1.0,10411
2016,2,EM,sexo,Mulher,1.0,10561
2016,3,EF finais,sexo,Homem,1.0,16188
2016,3,EF finais,sexo,Mulher,1.0,14733
2016,3,EF iniciais,sexo,Homem,1.0,20690
2016,3,EF iniciais,sexo,Mulher,1.0,18495
2016,3,EM,sexo,Homem,1.0,10433
2016,3,EM,sexo,Mulher,1.0,10316
2016,4,EF finais,sexo,Homem,1.0,16115
2016,4,EF finais,sexo,Mulher,1.0,14827
2016,4,EF iniciais,sexo,Homem,1.0,20438
2016,4,EF iniciais,sexo,Mulher,1.0,18155
2016,4,EM,sexo,Homem,1.0,10041
2016,4,EM,sexo,Mulher,1.0,9986
2017,1,EF finais,sexo,Homem,1.0,16652
2017,1,EF finais,sexo,Mulher,1.0,14781
2017,1,EF iniciais,sexo,Homem,1.0,19741
2017,1,EF iniciais,sexo,Mulher,1.0,17690
2017,1,EM,sexo,Homem,1.0,10690
2017,1,EM,sexo,Mulher,1.0,10603
2017,2,EF finais,sexo,Homem,1.0,16335
2017,2,EF finais,sexo,Mulher,1.0,14657
2017,2,EF iniciais,sexo,Homem,1.0,19737
2017,2,EF iniciais,sexo,Mulher,1.0,17804
2017,2,EM,sexo,Homem,1.0,10258
2017,2,EM,sexo,Mulher,1.0,10170
2017,3,EF finais,sexo,Homem,1.0,16172
2017,3,EF finais,sexo,Mulher,1.0,14534
2017,3,EF iniciais,sexo,Homem,1.0,19729
2017,3,EF iniciais,sexo,Mulher,1.0,17834
2017,3,EM,sexo,Homem,1.0,9687
2017,3,EM,sexo,Mulher,1.0,9830
2017,4,EF finais,sexo,Homem,1.0,15726
2017,4,EF finais,sexo,Mulher,1.0,14243
2017,4,EF iniciais,sexo,Homem,1.0,19422
2017,4,EF iniciais,sexo,Mulher,1.0,17482
2017,4,EM,sexo,Homem,1.0,9390
2017,4,EM,sexo,Mulher,1.0,9488
2018,1,EF finais,sexo,Homem,1.0,15812
2018,1,EF finais,sexo,Mulher,1.0,14346
2018,1,EF iniciais,sexo,Homem,1.0,19044
2018,1,EF iniciais,sexo,Mulher,1.0,17038
2018,1,EM,sexo,Homem,1.0,10011
2018,1,EM,sexo,Mulher,1.0,9852
2018,2,EF finais,sexo,Homem,1.0,15305
2018,2,EF finais,sexo,Mulher,1.0,14321
2018,2,EF iniciais,sexo,Homem,1.0,18966
2018,2,EF iniciais,sexo,Mulher,1.0,17220
2018,2,EM,sexo,Homem,1.0,9442
2018,2,EM,sexo,Mulher,1.0,9501
2018,3,EF finais,sexo,Homem,1.0,15234
2018,3,EF finais,sexo,Mulher,1.0,14139
2018,3,EF iniciais,sexo,Homem,1.0,19116
2018,3,EF iniciais,sexo,Mulher,1.0,17623
2018,3,EM,sexo,Homem,1.0,9314
2018,3,EM,sexo,Mulher,1.0,9345
2018,4,EF finais,sexo,Homem,1.0,14950
2018,4,EF finais,sexo,Mulher,1.0,13888
2018,4,EF iniciais,sexo,Homem,1.0,18827
2018,4,EF iniciais,sexo,Mulher,1.0,17173
2018,4,EM,sexo,Homem,1.0,8950
2018,4,EM,sexo,Mulher,1.0,8974
2019,1,EF finais,sexo,Homem,1.0,15198
2019,1,EF finais,sexo,Mulher,1.0,13959
2019,1,EF iniciais,sexo,Homem,1.0,18139
2019,1,EF iniciais,sexo,Mulher,1.0,16737
2019,1,EM,sexo,Homem,1.0,9698
2019,1,EM,sexo,Mulher,1.0,9619
2019,2,EF finais,sexo,Homem,1.0,15155
2019,2,EF finais,sexo,Mulher,1.0,13829
2019,2,EF iniciais,sexo,Homem,1.0,18253
2019,2,EF iniciais,sexo,Mulher,1.0,16771
2019,2,EM,sexo,Homem,1.0,9468
2019,2,EM,sexo,Mulher,1.0,9410
2019,3,EF finais,sexo,Homem,1.0,15249
2019,3,EF finais,sexo,Mulher,1.0,13815
2019,3,EF iniciais,sexo,Homem,1.0,18622
2019,3,EF iniciais,sexo,Mulher,1.0,16993
2019,3,EM,sexo,Homem,1.0,9233
2019,3,EM,sexo,Mulher,1.0,9271
2019,4,EF finais,sexo,Homem,1.0,14857
2019,4,EF finais,sexo,Mulher,1.0,13630
2019,4,EF iniciais,sexo,Homem,1.0,18180
2019,4,EF iniciais,sexo,Mulher,1.0,16390
2019,4,EM,sexo,Homem,1.0,8737
2019,4,EM,sexo,Mulher,1.0,8707
2020,1,EF finais,sexo,Homem,1.0,13394
2020,1,EF finais,sexo,Mulher,1.0,12210
2020,1,EF iniciais,sexo,Homem,1.0,15703
2020,1,EF iniciais,sexo,Mulher,1.0,14500
2020,1,EM,sexo,Homem,1.0,8467
2020,1,EM,sexo,Mulher,1.0,8402
2020,2,EF finais,sexo,Homem,1.0,10469
2020,2,EF finais,sexo,Mulher,1.0,9510
2020,2,EF iniciais,sexo,Homem,1.0,12107
2020,2,EF iniciais,sexo,Mulher,1.0,11242
2020,2,EM,sexo,Homem,1.0,6782
2020,2,EM,sexo,Mulher,1.0,6596
2020,3,EF finais,sexo,Homem,1.0,10278
2020,3,EF finais,sexo,Mulher,1.0,9533
2020,3,EF iniciais,sexo,Homem,1.0,12157
2020,3,EF iniciais,sexo,Mulher,1.0,11275
2020,3,EM,sexo,Homem,1.0,6593
2020,3,EM,sexo,Mulher,1.0,6516
2020,4,EF finais,sexo,Homem,1.0,9479
2020,4,EF finais,sexo,Mulher,1.0,8628
2020,4,EF iniciais,sexo,Homem,1.0,10968
2020,4,EF iniciais,sexo,Mulher,1.0,10156
2020,4,EM,sexo,Homem,1.0,6080
2020,4,EM,sexo,Mulher,1.0,5971
2021,1,EF finais,sexo,Homem,1.0,9226
2021,1,EF finais,sexo,Mulher,1.0,8326
2021,1,EF iniciais,sexo,Homem,1.0,9935
2021,1,EF iniciais,sexo,Mulher,1.0,9067
2021,1,EM,sexo,Homem,1.0,6072
2021,1,EM,sexo,Mulher,1.0,5893
2021,2,EF finais,sexo,Homem,1.0,9859
2021,2,EF finais,sexo,Mulher,1.0,8957
2021,2,EF iniciais,sexo,Homem,1.0,10795
2021,2,EF iniciais,sexo,Mulher,1.0,9902
2021,2,EM,sexo,Homem,1.0,6520
2021,2,EM,sexo,Mulher,1.0,6425
2021,3,EF finais,sexo,Homem,1.0,11680
2021,3,EF finais,sexo,Mulher,1.0,10761
2021,3,EF iniciais,sexo,Homem,1.0,12951
2021,3,EF iniciais,sexo,Mulher,1.0,11921
2021,3,EM,sexo,Homem,1.0,7604
2021,3,EM,sexo,Mulher,1.0,7436
2021,4,EF finais,sexo,Homem,1.0,12481
2021,4,EF finais,sexo,Mulher,1.0,11369
2021,4,EF iniciais,sexo,Homem,1.0,14127
2021,4,EF iniciais,sexo,Mulher,1.0,12848
2021,4,EM,sexo,Homem,1.0,7802
2021,4,EM,sexo,Mulher,1.0,7660
2022,1,EF finais,sexo,Homem,1.0,12915
2022,1,EF finais,sexo,Mulher,1.0,11666
2022,1,EF iniciais,sexo,Homem,1.0,14148
2022,1,EF iniciais,sexo,Mulher,1.0,12850
2022,1,EM,sexo,Homem,1.0,8607
2022,1,EM,sexo,Mulher,1.0,8241
2022,2,EF finais,sexo,Homem,1.0,13043
2022,2,EF finais,sexo,Mulher,1.0,11832
2022,2,EF iniciais,sexo,Homem,1.0,14605
2022,2,EF iniciais,sexo,Mulher,1.0,13227
2022,2,EM,sexo,Homem,1.0,8524
2022,2,EM,sexo,Mulher,1.0,8284
2022,3,EF finais,sexo,Homem,1.0,13199
2022,3,EF finais,sexo,Mulher,1.0,11856
2022,3,EF iniciais,sexo,Homem,1.0,15060
2022,3,EF iniciais,sexo,Mulher,1.0,13759
2022,3,EM,sexo,Homem,1.0,8376
2022,3,EM,sexo,Mulher,1.0,8154
2022,4,EF finais,sexo,Homem,1.0,12853
2022,4,EF finais,sexo,Mulher,1.0,11650
2022,4,EF iniciais,sexo,Homem,1.0,14726
2022,4,EF iniciais,sexo,Mulher,1.0,13549
2022,4,EM,sexo,Homem,1.0,8063
2022,4,EM,sexo,Mulher,1.0,7778
2023,1,EF finais,sexo,Homem,1.0,12658
2023,1,EF finais,sexo,Mulher,1.0,11462
2023,1,EF iniciais,sexo,Homem,1.0,14050
2023,1,EF iniciais,sexo,Mulher,1.0,13062
2023,1,EM,sexo,Homem,1.0,8511
2023,1,EM,sexo,Mulher,1.0,8115
2023,2,EF finais,sexo,Homem,1.0,12554
2023,2,EF finais,sexo,Mulher,1.0,11511
2023,2,EF iniciais,sexo,Homem,1.0,14271
2023,2,EF iniciais,sexo,Mulher,1.0,13256
2023,2,EM,sexo,Homem,1.0,8171
2023,2,EM,sexo,Mulher,1.0,7980
2023,3,EF finais,sexo,Homem,1.0,12601
2023,3,EF finais,sexo,Mulher,1.0,11595
2023,3,EF iniciais,sexo,Homem,1.0,14874
2023,3,EF iniciais,sexo,Mulher,1.0,13650
2023,3,EM,sexo,Homem,1.0,8026
2023,3,EM,sexo,Mulher,1.0,7893
2023,4,EF finais,sexo,Homem,1.0,12489
2023,4,EF finais,sexo,Mulher,1.0,11626
2023,4,EF iniciais,sexo,Homem,1.0,14791
2023,4,EF iniciais,sexo,Mulher,1.0,13680
2023,4,EM,sexo,Homem,1.0,7805
2023,4,EM,sexo,Mulher,1.0,7708
2024,1,EF finais,sexo,Homem,1.0,12626
2024,1,EF finais,sexo,Mulher,1.0,11863
2024,1,EF iniciais,sexo,Homem,1.0,14935
2024,1,EF iniciais,sexo,Mulher,1.0,13606
2024,1,EM,sexo,Homem,1.0,8622
2024,1,EM,sexo,Mulher,1.0,8178
2024,2,EF finais,sexo,Homem,1.0,12712
2024,2,EF finais,sexo,Mulher,1.0,11835
2024,2,EF iniciais,sexo,Homem,1.0,15233
2024,2,EF iniciais,sexo,Mulher,1.0,13876
2024,2,EM,sexo,Homem,1.0,8427
2024,2,EM,sexo,Mulher,1.0,8248
2024,3,EF finais,sexo,Homem,1.0,12586
2024,3,EF finais,sexo,Mulher,1.0,11616
2024,3,EF iniciais,sexo,Homem,1.0,15428
2024,3,EF iniciais,sexo,Mulher,1.0,14043
2024,3,EM,sexo,Homem,1.0,8437
2024,3,EM,sexo,Mulher,1.0,8207
2024,4,EF finais,sexo,Homem,1.0,9431
2024,4,EF finais,sexo,Mulher,1.0,8816
2024,4,EF iniciais,sexo,Homem,1.0,11767
2024,4,EF iniciais,sexo,Mulher,1.0,10786
2024,4,EM,sexo,Homem,1.0,6219
2024,4,EM,sexo,Mulher,1.0,6058
2012,1,EF finais,raca,Branca,1.0,9028
2012,1,EF finais,raca,Parda,1.0,13698
2012,1,EF finais,raca,Preta,1.0,1494
2012,1,EF iniciais,raca,Branca,1.0,11908
2012,1,EF iniciais,raca,Parda,1.0,18675
2012,1,EF iniciais,raca,Preta,1.0,1872
2012,1,EM,raca,Branca,1.0,6732
2012,1,EM,raca,Parda,1.0,8417
2012,1,EM,raca,Preta,1.0,930
2012,2,EF finais,raca,Branca,1.0,11564
2012,2,EF finais,raca,Parda,1.0,18458
2012,2,EF finais,raca,Preta,1.0,1795
2012,2,EF iniciais,raca,Branca,1.0,15501
2012,2,EF iniciais,raca,Parda,1.0,25438
2012,2,EF iniciais,raca,Preta,1.0,2239
2012,2,EM,raca,Branca,1.0,8389
2012,2,EM,raca,Parda,1.0,11164
2012,2,EM,raca,Preta,1.0,1116
2012,3,EF finais,raca,Branca,1.0,11040
2012,3,EF finais,raca,Parda,1.0,17984
2012,3,EF finais,raca,Preta,1.0,1693
2012,3,EF iniciais,raca,Branca,1.0,14860
2012,3,EF iniciais,raca,Parda,1.0,25125
2012,3,EF iniciais,raca,Preta,1.0,2226
2012,3,EM,raca,Branca,1.0,7948
2012,3,EM,raca,Parda,1.0,10642
2012,3,EM,raca,Preta,1.0,1068
2012,4,EF finais,raca,Branca,1.0,10698
2012,4,EF finais,raca,Parda,1.0,17661
2012,4,EF finais,raca,Preta,1.0,1600
2012,4,EF iniciais,raca,Branca,1.0,13803
2012,4,EF iniciais,raca,Parda,1.0,24231
2012,4,EF iniciais,raca,Preta,1.0,2087
2012,4,EM,raca,Branca,1.0,7555
2012,4,EM,raca,Parda,1.0,10011
2012,4,EM,raca,Preta,1.0,997
2013,1,EF finais,raca,Branca,1.0,10551
2013,1,EF finais,raca,Parda,1.0,17871
2013,1,EF finais,raca,Preta,1.0,1642
2013,1,EF iniciais,raca,Branca,1.0,13121
2013,1,EF iniciais,raca,Parda,1.0,23036
2013,1,EF iniciais,raca,Preta,1.0,1941
2013,1,EM,raca,Branca,1.0,8001
2013,1,EM,raca,Parda,1.0,11144
2013,1,EM,raca,Preta,1.0,1042
2013,2,EF finais,raca,Branca,1.0,10479
2013,2,EF finais,raca,Parda,1.0,17640
2013,2,EF finais,raca,Preta,1.0,1510
2013,2,EF iniciais,raca,Branca,1.0,13507
2013,2,EF iniciais,raca,Parda,1.0,22893
2013,2,EF iniciais,raca,Preta,1.0,1755
2013,2,EM,raca,Branca,1.0,7743
2013,2,EM,raca,Parda,1.0,10590
2013,2,EM,raca,Preta,1.0,1021
2013,3,EF finais,raca,Branca,1.0,10338
2013,3,EF finais,raca,Parda,1.0,16650
2013,3,EF finais,raca,Preta,1.0,1590
2013,3,EF iniciais,raca,Branca,1.0,13402
2013,3,EF iniciais,raca,Parda,1.0,21791
2013,3,EF iniciais,raca,Preta,1.0,1801
2013,3,EM,raca,Branca,1.0,7468
2013,3,EM,raca,Parda,1.0,9760
2013,3,EM,raca,Preta,1.0,1016
2013,4,EF finais,raca,Branca,1.0,10104
2013,4,EF finais,raca,Parda,1.0,16292
2013,4,EF finais,raca,Preta,1.0,1574
2013,4,EF iniciais,raca,Branca,1.0,12795
2013,4,EF iniciais,raca,Parda,1.0,21575
2013,4,EF iniciais,raca,Preta,1.0,1774
2013,4,EM,raca,Branca,1.0,7196
2013,4,EM,raca,Parda,1.0,9396
2013,4,EM,raca,Preta,1.0,955
2014,1,EF finais,raca,Branca,1.0,9915
2014,1,EF finais,raca,Parda,1.0,16799
2014,1,EF finais,raca,Preta,1.0,1542
2014,1,EF iniciais,raca,Branca,1.0,12555
2014,1,EF iniciais,raca,Parda,1.0,21293
2014,1,EF iniciais,raca,Preta,1.0,1609
2014,1,EM,raca,Branca,1.0,7840
2014,1,EM,raca,Parda,1.0,10527
2014,1,EM,raca,Preta,1.0,1040
2014,2,EF finais,raca,Branca,1.0,9791
2014,2,EF finais,raca,Parda,1.0,16807
2014,2,EF finais,raca,Preta,1.0,1490
2014,2,EF iniciais,raca,Branca,1.0,12608
2014,2,EF iniciais,raca,Parda,1.0,21816
2014,2,EF iniciais,raca,Preta,1.0,1621
2014,2,EM,raca,Branca,1.0,7694
2014,2,EM,raca,Parda,1.0,10291
2014,2,EM,raca,Preta,1.0,998
2014,3,EF finais,raca,Branca,1.0,9828
2014,3,EF finais,raca,Parda,1.0,16750
2014,3,EF finais,raca,Preta,1.0,1519
2014,3,EF iniciais,raca,Branca,1.0,12806
2014,3,EF iniciais,raca,Parda,1.0,21961
2014,3,EF iniciais,raca,Preta,1.0,1681
2014,3,EM,raca,Branca,1.0,7552
2014,3,EM,raca,Parda,1.0,10111
2014,3,EM,raca,Preta,1.0,1011
2014,4,EF finais,raca,Branca,1.0,10056
2014,4,EF finais,raca,Parda,1.0,16657
2014,4,EF finais,raca,Preta,1.0,1497
2014,4,EF iniciais,raca,Branca,1.0,12831
2014,4,EF iniciais,raca,Parda,1.0,21720
2014,4,EF iniciais,raca,Preta,1.0,1706
2014,4,EM,raca,Branca,1.0,7197
2014,4,EM,raca,Parda,1.0,9870
2014,4,EM,raca,Preta,1.0,961
2015,1,EF finais,raca,Branca,1.0,10025
2015,1,EF finais,raca,Parda,1.0,17015
2015,1,EF finais,raca,Preta,1.0,1460
2015,1,EF iniciais,raca,Branca,1.0,12359
2015,1,EF iniciais,raca,Parda,1.0,20918
2015,1,EF iniciais,raca,Preta,1.0,1607
2015,1,EM,raca,Branca,1.0,7501
2015,1,EM,raca,Parda,1.0,11061
2015,1,EM,raca,Preta,1.0,1039
2015,2,EF finais,raca,Branca,1.0,10201
2015,2,EF finais,raca,Parda,1.0,17192
2015,2,EF finais,raca,Preta,1.0,1415
2015,2,EF iniciais,raca,Branca,1.0,12833
2015,2,EF iniciais,raca,Parda,1.0,21324
2015,2,EF iniciais,raca,Preta,1.0,1643
2015,2,EM,raca,Branca,1.0,7453
2015,2,EM,raca,Parda,1.0,10737
2015,2,EM,raca,Preta,1.0,1101
2015,3,EF finais,raca,Branca,1.0,10322
2015,3,EF finais,raca,Parda,1.0,17160
2015,3,EF finais,raca,Preta,1.0,1544
2015,3,EF iniciais,raca,Branca,1.0,13198
2015,3,EF iniciais,raca,Parda,1.0,22038
2015,3,EF iniciais,raca,Preta,1.0,1802
2015,3,EM,raca,Branca,1.0,7435
2015,3,EM,raca,Parda,1.0,10539
2015,3,EM,raca,Preta,1.0,1067
2016,1,EF finais,raca,Branca,1.0,10615
2016,1,EF finais,raca,Parda,1.0,18061
2016,1,EF finais,raca,Preta,1.0,1944
2016,1,EF iniciais,raca,Branca,1.0,12732
2016,1,EF iniciais,raca,Parda,1.0,22139
2016,1,EF iniciais,raca,Preta,1.0,2090
2016,1,EM,raca,Branca,1.0,7685
2016,1,EM,raca,Parda,1.0,11730
2016,1,EM,raca,Preta,1.0,1390
2016,2,EF finais,raca,Branca,1.0,10849
2016,2,EF finais,raca,Parda,1.0,17991
2016,2,EF finais,raca,Preta,1.0,1958
2016,2,EF iniciais,raca,Branca,1.0,13254
2016,2,EF iniciais,raca,Parda,1.0,22466
2016,2,EF iniciais,raca,Preta,1.0,2109
2016,2,EM,raca,Branca,1.0,7764
2016,2,EM,raca,Parda,1.0,11703
2016,2,EM,raca,Preta,1.0,1372
2016,3,EF finais,raca,Branca,1.0,10738
2016,3,EF finais,raca,Parda,1.0,18127
2016,3,EF finais,raca,Preta,1.0,1860
2016,3,EF iniciais,raca,Branca,1.0,13636
2016,3,EF iniciais,raca,Parda,1.0,23138
2016,3,EF iniciais,raca,Preta,1.0,2158
2016,3,EM,raca,Branca,1.0,7597
2016,3,EM,raca,Parda,1.0,11693
2016,3,EM,raca,Preta,1.0,1311
2016,4,EF finais,raca,Branca,1.0,10472
2016,4,EF finais,raca,Parda,1.0,18376
2016,4,EF finais,raca,Preta,1.0,1915
2016,4,EF iniciais,raca,Branca,1.0,13213
2016,4,EF iniciais,raca,Parda,1.0,22915
2016,4,EF iniciais,raca,Preta,1.0,2231
2016,4,EM,raca,Branca,1.0,7217
2016,4,EM,raca,Parda,1.0,11293
2016,4,EM,raca,Preta,1.0,1372
2017,1,EF finais,raca,Branca,1.0,10662
2017,1,EF finais,raca,Parda,1.0,18618
2017,1,EF finais,raca,Preta,1.0,1962
2017,1,EF iniciais,raca,Branca,1.0,12842
2017,1,EF iniciais,raca,Parda,1.0,22172
2017,1,EF iniciais,raca,Preta,1.0,2171
2017,1,EM,raca,Branca,1.0,7613
2017,1,EM,raca,Parda,1.0,12058
2017,1,EM,raca,Preta,1.0,1501
2017,2,EF finais,raca,Branca,1.0,10628
2017,2,EF finais,raca,Parda,1.0,18302
2017,2,EF finais,raca,Preta,1.0,1842
2017,2,EF iniciais,raca,Branca,1.0,13065
2017,2,EF iniciais,raca,Parda,1.0,22071
2017,2,EF iniciais,raca,Preta,1.0,2134
2017,2,EM,raca,Branca,1.0,7288
2017,2,EM,raca,Parda,1.0,11602
2017,2,EM,raca,Preta,1.0,1417
2017,3,EF finais,raca,Branca,1.0,10714
2017,3,EF finais,raca,Parda,1.0,17814
2017,3,EF finais,raca,Preta,1.0,1951
2017,3,EF iniciais,raca,Branca,1.0,13162
2017,3,EF iniciais,raca,Parda,1.0,21921
2017,3,EF iniciais,raca,Preta,1.0,2199
2017,3,EM,raca,Branca,1.0,7153
2017,3,EM,raca,Parda,1.0,10843
2017,3,EM,raca,Preta,1.0,1388
2017,4,EF finais,raca,Branca,1.0,10313
2017,4,EF finais,raca,Parda,1.0,17388
2017,4,EF finais,raca,Preta,1.0,2061
2017,4,EF iniciais,raca,Branca,1.0,12691
2017,4,EF iniciais,raca,Parda,1.0,21657
2017,4,EF iniciais,raca,Preta,1.0,2303
2017,4,EM,raca,Branca,1.0,6790
2017,4,EM,raca,Parda,1.0,10512
2017,4,EM,raca,Preta,1.0,1450
2018,1,EF finais,raca,Branca,1.0,10280
2018,1,EF finais,raca,Parda,1.0,17583
2018,1,EF finais,raca,Preta,1.0,2106
2018,1,EF iniciais,raca,Branca,1.0,12425
2018,1,EF iniciais,raca,Parda,1.0,21143
2018,1,EF iniciais,raca,Preta,1.0,2256
2018,1,EM,raca,Branca,1.0,6979
2018,1,EM,raca,Parda,1.0,11309
2018,1,EM,raca,Preta,1.0,1456
2018,2,EF finais,raca,Branca,1.0,10059
2018,2,EF finais,raca,Parda,1.0,17210
2018,2,EF finais,raca,Preta,1.0,2090
2018,2,EF iniciais,raca,Branca,1.0,12540
2018,2,EF iniciais,raca,Parda,1.0,21076
2018,2,EF iniciais,raca,Preta,1.0,2205
2018,2,EM,raca,Branca,1.0,6737
2018,2,EM,raca,Parda,1.0,10616
2018,2,EM,raca,Preta,1.0,1427
2018,3,EF finais,raca,Branca,1.0,9982
2018,3,EF finais,raca,Parda,1.0,17048
2018,3,EF finais,raca,Preta,1.0,2071
2018,3,EF iniciais,raca,Branca,1.0,12743
2018,3,EF iniciais,raca,Parda,1.0,21391
2018,3,EF iniciais,raca,Preta,1.0,2284
2018,3,EM,raca,Branca,1.0,6644
2018,3,EM,raca,Parda,1.0,10457
2018,3,EM,raca,Preta,1.0,1399
2018,4,EF finais,raca,Branca,1.0,9749
2018,4,EF finais,raca,Parda,1.0,16727
2018,4,EF finais,raca,Preta,1.0,2111
2018,4,EF iniciais,raca,Branca,1.0,12337
2018,4,EF iniciais,raca,Parda,1.0,21012
2018,4,EF iniciais,raca,Preta,1.0,2321
2018,4,EM,raca,Branca,1.0,6355
2018,4,EM,raca,Parda,1.0,10018
2018,4,EM,raca,Preta,1.0,1392
2019,1,EF finais,raca,Branca,1.0,9772
2019,1,EF finais,raca,Parda,1.0,16989
2019,1,EF finais,raca,Preta,1.0,2153
2019,1,EF iniciais,raca,Branca,1.0,12033
2019,1,EF iniciais,raca,Parda,1.0,20241
2019,1,EF iniciais,raca,Preta,1.0,2280
2019,1,EM,raca,Branca,1.0,6791
2019,1,EM,raca,Parda,1.0,10885
2019,1,EM,raca,Preta,1.0,1478
2019,2,EF finais,raca,Branca,1.0,9774
2019,2,EF finais,raca,Parda,1.0,16867
2019,2,EF finais,raca,Preta,1.0,2079
2019,2,EF iniciais,raca,Branca,1.0,12274
2019,2,EF iniciais,raca,Parda,1.0,20170
2019,2,EF iniciais,raca,Preta,1.0,2245
2019,2,EM,raca,Branca,1.0,6760
2019,2,EM,raca,Parda,1.0,10529
2019,2,EM,raca,Preta,1.0,1435
2019,3,EF finais,raca,Branca,1.0,9920
2019,3,EF finais,raca,Parda,1.0,16864
2019,3,EF finais,raca,Preta,1.0,2022
2019,3,EF iniciais,raca,Branca,1.0,12371
2019,3,EF iniciais,raca,Parda,1.0,20656
2019,3,EF iniciais,raca,Preta,1.0,2265
2019,3,EM,raca,Branca,1.0,6644
2019,3,EM,raca,Parda,1.0,10296
2019,3,EM,raca,Preta,1.0,1429
2019,4,EF finais,raca,Branca,1.0,9548
2019,4,EF finais,raca,Parda,1.0,16611
2019,4,EF finais,raca,Preta,1.0,2076
2019,4,EF iniciais,raca,Branca,1.0,11798
2019,4,EF iniciais,raca,Parda,1.0,20137
2019,4,EF iniciais,raca,Preta,1.0,2330
2019,4,EM,raca,Branca,1.0,6275
2019,4,EM,raca,Parda,1.0,9677
2019,4,EM,raca,Preta,1.0,1351
2020,1,EF finais,raca,Branca,1.0,8571
2020,1,EF finais,raca,Parda,1.0,14970
2020,1,EF finais,raca,Preta,1.0,1847
2020,1,EF iniciais,raca,Branca,1.0,10438
2020,1,EF iniciais,raca,Parda,1.0,17551
2020,1,EF iniciais,raca,Preta,1.0,1959
2020,1,EM,raca,Branca,1.0,6029
2020,1,EM,raca,Parda,1.0,9406
2020,1,EM,raca,Preta,1.0,1285
2020,2,EF finais,raca,Branca,1.0,6964
2020,2,EF finais,raca,Parda,1.0,11533
2020,2,EF finais,raca,Preta,1.0,1332
2020,2,EF iniciais,raca,Branca,1.0,8432
2020,2,EF iniciais,raca,Parda,1.0,13349
2020,2,EF iniciais,raca,Preta,1.0,1408
2020,2,EM,raca,Branca,1.0,4950
2020,2,EM,raca,Parda,1.0,7380
2020,2,EM,raca,Preta,1.0,940
2020,3,EF finais,raca,Branca,1.0,6862
2020,3,EF finais,raca,Parda,1.0,11532
2020,3,EF finais,raca,Preta,1.0,1264
2020,3,EF iniciais,raca,Branca,1.0,8324
2020,3,EF iniciais,raca,Parda,1.0,13614
2020,3,EF iniciais,raca,Preta,1.0,1328
2020,3,EM,raca,Branca,1.0,4803
2020,3,EM,raca,Parda,1.0,7288
2020,3,EM,raca,Preta,1.0,912
2020,4,EF finais,raca,Branca,1.0,6264
2020,4,EF finais,raca,Parda,1.0,10543
2020,4,EF finais,raca,Preta,1.0,1167
2020,4,EF iniciais,raca,Branca,1.0,7352
2020,4,EF iniciais,raca,Parda,1.0,12382
2020,4,EF iniciais,raca,Preta,1.0,1257
2020,4,EM,raca,Branca,1.0,4449
2020,4,EM,raca,Parda,1.0,6635
2020,4,EM,raca,Preta,1.0,860
2021,1,EF finais,raca,Branca,1.0,5977
2021,1,EF finais,raca,Parda,1.0,10298
2021,1,EF finais,raca,Preta,1.0,1144
2021,1,EF iniciais,raca,Branca,1.0,6668
2021,1,EF iniciais,raca,Parda,1.0,11007
2021,1,EF iniciais,raca,Preta,1.0,1191
2021,1,EM,raca,Branca,1.0,4349
2021,1,EM,raca,Parda,1.0,6674
2021,1,EM,raca,Preta,1.0,836
2021,2,EF finais,raca,Branca,1.0,6668
2021,2,EF finais,raca,Parda,1.0,10843
2021,2,EF finais,raca,Preta,1.0,1151
2021,2,EF iniciais,raca,Branca,1.0,7529
2021,2,EF iniciais,raca,Parda,1.0,11782
2021,2,EF iniciais,raca,Preta,1.0,1251
2021,2,EM,raca,Branca,1.0,4745
2021,2,EM,raca,Parda,1.0,7174
2021,2,EM,raca,Preta,1.0,911
2021,3,EF finais,raca,Branca,1.0,7872
2021,3,EF finais,raca,Parda,1.0,12863
2021,3,EF finais,raca,Preta,1.0,1497
2021,3,EF iniciais,raca,Branca,1.0,9013
2021,3,EF iniciais,raca,Parda,1.0,14074
2021,3,EF iniciais,raca,Preta,1.0,1587
2021,3,EM,raca,Branca,1.0,5398
2021,3,EM,raca,Parda,1.0,8336
2021,3,EM,raca,Preta,1.0,1157
2021,4,EF finais,raca,Branca,1.0,8314
2021,4,EF finais,raca,Parda,1.0,13598
2021,4,EF finais,raca,Preta,1.0,1709
2021,4,EF iniciais,raca,Branca,1.0,9730
2021,4,EF iniciais,raca,Parda,1.0,15133
2021,4,EF iniciais,raca,Preta,1.0,1850
2021,4,EM,raca,Branca,1.0,5599
2021,4,EM,raca,Parda,1.0,8449
2021,4,EM,raca,Preta,1.0,1262
2022,1,EF finais,raca,Branca,1.0,8438
2022,1,EF finais,raca,Parda,1.0,14058
2022,1,EF finais,raca,Preta,1.0,1847
2022,1,EF iniciais,raca,Branca,1.0,9988
2022,1,EF iniciais,raca,Parda,1.0,14878
2022,1,EF iniciais,raca,Preta,1.0,1869
2022,1,EM,raca,Branca,1.0,6123
2022,1,EM,raca,Parda,1.0,9230
2022,1,EM,raca,Preta,1.0,1344
2022,2,EF finais,raca,Branca,1.0,8656
2022,2,EF finais,raca,Parda,1.0,14130
2022,2,EF finais,raca,Preta,1.0,1860
2022,2,EF iniciais,raca,Branca,1.0,10393
2022,2,EF iniciais,raca,Parda,1.0,15242
2022,2,EF iniciais,raca,Preta,1.0,1939
2022,2,EM,raca,Branca,1.0,6176
2022,2,EM,raca,Parda,1.0,9083
2022,2,EM,raca,Preta,1.0,1406
2022,3,EF finais,raca,Branca,1.0,8735
2022,3,EF finais,raca,Parda,1.0,14151
2022,3,EF finais,raca,Preta,1.0,1925
2022,3,EF iniciais,raca,Branca,1.0,10691
2022,3,EF iniciais,raca,Parda,1.0,15836
2022,3,EF iniciais,raca,Preta,1.0,2011
2022,3,EM,raca,Branca,1.0,6130
2022,3,EM,raca,Parda,1.0,8876
2022,3,EM,raca,Preta,1.0,1384
2022,4,EF finais,raca,Branca,1.0,8523
2022,4,EF finais,raca,Parda,1.0,13785
2022,4,EF finais,raca,Preta,1.0,1953
2022,4,EF iniciais,raca,Branca,1.0,10355
2022,4,EF iniciais,raca,Parda,1.0,15599
2022,4,EF iniciais,raca,Preta,1.0,2021
2022,4,EM,raca,Branca,1.0,5824
2022,4,EM,raca,Parda,1.0,8470
2022,4,EM,raca,Preta,1.0,1412
2023,1,EF finais,raca,Branca,1.0,8454
2023,1,EF finais,raca,Parda,1.0,13555
2023,1,EF finais,raca,Preta,1.0,1879
2023,1,EF iniciais,raca,Branca,1.0,9953
2023,1,EF iniciais,raca,Parda,1.0,14940
2023,1,EF iniciais,raca,Preta,1.0,1937
2023,1,EM,raca,Branca,1.0,6025
2023,1,EM,raca,Parda,1.0,8969
2023,1,EM,raca,Preta,1.0,1486
2023,2,EF finais,raca,Branca,1.0,8512
2023,2,EF finais,raca,Parda,1.0,13480
2023,2,EF finais,raca,Preta,1.0,1822
2023,2,EF iniciais,raca,Branca,1.0,10056
2023,2,EF iniciais,raca,Parda,1.0,15143
2023,2,EF iniciais,raca,Preta,1.0,1999
2023,2,EM,raca,Branca,1.0,5858
2023,2,EM,raca,Parda,1.0,8748
2023,2,EM,raca,Preta,1.0,1383
2023,3,EF finais,raca,Branca,1.0,8452
2023,3,EF finais,raca,Parda,1.0,13557
2023,3,EF finais,raca,Preta,1.0,1926
2023,3,EF iniciais,raca,Branca,1.0,10309
2023,3,EF iniciais,raca,Parda,1.0,15766
2023,3,EF iniciais,raca,Preta,1.0,2121
2023,3,EM,raca,Branca,1.0,5731
2023,3,EM,raca,Parda,1.0,8670
2023,3,EM,raca,Preta,1.0,1355
2023,4,EF finais,raca,Branca,1.0,8356
2023,4,EF finais,raca,Parda,1.0,13561
2023,4,EF finais,raca,Preta,1.0,1957
2023,4,EF iniciais,raca,Branca,1.0,10128
2023,4,EF iniciais,raca,Parda,1.0,15884
2023,4,EF iniciais,raca,Preta,1.0,2132
2023,4,EM,raca,Branca,1.0,5580
2023,4,EM,raca,Parda,1.0,8425
2023,4,EM,raca,Preta,1.0,1360
2024,1,EF finais,raca,Branca,1.0,8558
2024,1,EF finais,raca,Parda,1.0,13733
2024,1,EF finais,raca,Preta,1.0,1946
2024,1,EF iniciais,raca,Branca,1.0,10390
2024,1,EF iniciais,raca,Parda,1.0,15701
2024,1,EF iniciais,raca,Preta,1.0,2131
2024,1,EM,raca,Branca,1.0,6015
2024,1,EM,raca,Parda,1.0,9164
2024,1,EM,raca,Preta,1.0,1442
2024,2,EF finais,raca,Branca,1.0,8541
2024,2,EF finais,raca,Parda,1.0,13813
2024,2,EF finais,raca,Preta,1.0,1942
2024,2,EF iniciais,raca,Branca,1.0,10570
2024,2,EF iniciais,raca,Parda,1.0,16054
2024,2,EF iniciais,raca,Preta,1.0,2172
2024,2,EM,raca,Branca,1.0,6082
2024,2,EM,raca,Parda,1.0,8990
2024,2,EM,raca,Preta,1.0,1447
2024,3,EF finais,raca,Branca,1.0,8473
2024,3,EF finais,raca,Parda,1.0,13557
2024,3,EF finais,raca,Preta,1.0,1956
2024,3,EF iniciais,raca,Branca,1.0,10692
2024,3,EF iniciais,raca,Parda,1.0,16264
2024,3,EF iniciais,raca,Preta,1.0,2215
2024,3,EM,raca,Branca,1.0,6145
2024,3,EM,raca,Parda,1.0,8856
2024,3,EM,raca,Preta,1.0,1497
2024,4,EF finais,raca,Branca,1.0,6471
2024,4,EF finais,raca,Parda,1.0,10250
2024,4,EF finais,raca,Preta,1.0,1382
2024,4,EF iniciais,raca,Branca,1.0,8236
2024,4,EF iniciais,raca,Parda,1.0,12422
2024,4,EF iniciais,raca,Preta,1.0,1668
2024,4,EM,raca,Branca,1.0,4583
2024,4,EM,raca,Parda,1.0,6547
2024,4,EM,raca,Preta,1.0,1044
